USE accountingMaterials;

INSERT INTO Materials VALUES
(36, 'Заклепки с полукруглой головкой ГОСТ 10299-80', 36, 3.72),
(322, 'Заклепки с полукруглой головкой ГОСТ 10299-80', 322, 2.90),
(380, 'Винт М3 с потайной головкой ГОСТ 17475-80', 380, 4.62),
(480, 'Винт М4 с потайной головкой ГОСТ 17475-80', 480, 3.57),
(580, 'Винт М5 с потайной головкой ГОСТ 17475-80',580, 3.03),
(680, 'Винт М6 с потайной головкой ГОСТ 17475-80', 680, 3.13),
(681,'Болт М6 с увеличенной полукруглой головкой и усом ГОСТ 7801-81', 681, 3.08),
(880, 'Винты М8 с полукруглой головкой ГОСТ 17473-80', 880, 2.64),
(1281, 'Болт М12 с увеличенной полукруглой головкой и усом ГОСТ 7801-81', 1281, 2.52),
(1670, 'Болт М16 с шестигранной головкой ГОСТ 7798-70', 1670, 2.17),
(2070, 'Болт М20 с шестигранной головкой ГОСТ 7798-70', 2070, 2.38),
(3511, 'Саморезы для листового металла, острый - клоп (ТУ BY 400024166.013-2008)', 3511, 6.57),
(3911, 'Саморезы для листового металла, сверло - клоп (ТУ BY 400024166.014-2008)', 3911, 7.51),
(6931,'Болт М6 с шестигранной головкой DIN 931',6931, 2.98),
(7015,'Стяжка мебельная винтовая (конфирмат)', 7015, 18.75),
(12708, 'Гайка М12 шестигранные ГОСТ 5927-70', 12708, 2.62),
(14706, 'Гайка М14 шестигранные ГОСТ 5927-70', 14706, 2.72),
(16706, 'Гайка М16 шестигранные ГОСТ 5927-70', 16706, 2.58),
(29950, 'Винты самонарезающие с цилиндрической головкой и сферой с крестообразным шлицем СТБ ИСО 7049-2001', 29950, 5.47),
(35950, 'Саморезы для листового металла, острый - клоп (ТУ BY 400024166.013-2008)', 35950, 6.15),
(47811, 'Винт М4 СП ч.7811-7103', 47811, 3.31),
(57397, 'Винт М5 специальный с цилиндрической полукруглой головкой ч.7811-7397', 57397, 3.26),
(57811, 'Винт М5СП ч.7811-7048', 57811, 3.04),
(64032, 'Гайка М16 шестигранные DIN EN ISO 4032 (DIN 934)', 64032, 2.58),
(67397, 'Винт М6 специальный с цилиндрической полукруглой головкой ч.7811-7397', 67397, 2.79),
(67811, 'Болт М6 с двумя усами ч.7811-7170', 67811, 2.80),
(87811, 'Болт М8 транспортерный ч.7811-7074', 87811, 2.90),
(101761, 'Скоба ч.7811-7125', 101761, 2.61),
(107811, 'Болт М10 транспортерный ч.7811-7074', 107811, 2.96),
(377811, 'Гвоздь-шуруп ч.7811-7465', 377811, 11.47),
(487811, 'Гвоздь-шуруп ч.7811-7465', 487811, 21.59);

INSERT INTO Employee VALUES
('Ажикелямова И.Л.', 'Электромеханик по лифтам'),
('Акулиничев Р.Д.', 'Заточник'),
('Базарова А.Р.','Электромонтер по ремонту и обслуживанию электрооборудования'),
('Будаев Б.С.','Электромонтер по ремонту и обслуживанию электрооборудования'),
('Буковски К.П.','Электромонтер по ремонту и обслуживанию электрооборудования'),
('Дуболазов В.Г.','Чистильщик металла, отливок, изделий и деталей'),
('Потёмкин К.Г.','Чистильщик металла, отливок, изделий и деталей'),
('Бушмелев В.А.','Чистильщик металла, отливок, изделий и деталей'),
('Набиуллин С.Д.','Электромеханик по лифтам'),
('Квартина К.Е.','Электромеханик по лифтам'),
('Пушкин В.Г.','Электромеханик по лифтам'),
('Хлебникова Я.К.','Заточник'),
('Янчуров Б.Г.','Заточник'),
('Ямлиханова М.Г.','Заточник'),
('Гурьянова Я.Д.','Заточник'),
('Васильева М.А.','Кладовщик'),
('Северина А.И.','Формовщик изделий из пластмасс'),
('Спирьянова Э.В.','Формовщик изделий из пластмасс'),
('Верещагин Т.Ф.','Формовщик изделий из пластмасс'),
('Викаш Д.И.','Наладчик слесарного оборудования'),
('Кузин Р.К.','Наладчик слесарного оборудования'),
('Ясевича А.Б.','Крановщик'),
('Гриневеца Е.Ю.','Крановщик'),
('Курдикова Д.О.','Крановщик'),
('Журбин Г.С.','Мастер'),
('Задорожный В.М.','Электромонтёр'),
('Иванов И.И.','Начальник смены'),
('Прудко И.К.','Начальник смены'),
('Исмайлова Б.Ю.','Оператор станка с ЧПУ'),
('Кулактина Ю.С.','Оператор станка с ЧПУ'),
('Яшуков Д.М.','Электросварщик на автоматичсеких и полуавтоматических машинах'),
('Чибисов Ф.Т.','Электросварщик на автоматичсеких и полуавтоматических машинах'),
('Санькова Е.В.','Электросварщик на автоматичсеких и полуавтоматических машинах'),
('Ларичева Э.Д.','Электросварщик на автоматичсеких и полуавтоматических машинах'),
('Карандашова Е.А.','Электросварщик на автоматичсеких и полуавтоматических машинах'),
('Крымов П.Д.','Токарь'),
('Климушин К.И.','Токарь'),
('Викаш Д.И.','Наладчик слесарного оборудования'),
('Кузин Р.К.','Наладчик слесарного оборудования'),
('Курсалина Р.Я.','Председатель ППО'),
('Левина А.Д.','Слесарь по КИПиА'),
('Лероев Д.Д.','Инженер-программист'),
('Митасов Г.А.','Слесарь-инструментальщик'),
('Няшина А.Л.','Конструктор'),
('Райков Л.И.','Инженер-электрик'),
('Северинова Ю.С.','Фрезеровщик'),
('Трунина Ф.Т.','Бухгалтер'),
('Слобожанина Г.Ф.','Бухгалтер'),
('Фокина А.Н.','Бухгалтер'),
('Собаков Е.С.','Начальник МСЦ'),
('Тищенко В.Н.','Заместитель генерального деректора по производству'),
('Цедлица И.С.','Начальник конструкторкого бюро'),
('Чебыкин В. Ф.','Наладчик'),
('Шевелёка В.В.','Слесарь');

INSERT INTO Unit VALUES
(6,'Метр'),
(8,'Километр'),
(18,'Погонный метр'),
(55,'Квадратный метр'),
(112,'Литр'),
(113,'Кубический метр'),
(163,'Грамм'),
(166,'Килограмм'),
(168,'Тонна'),
(185,'Грузоподъемность в метрических тоннах'),
(214,'Киловатт'),
(226,'Вольт-ампер'),
(231,'Метр в час'),
(245,'Киловатт-час'),
(260,'Ампер'),
(270,'Кулон'),
(271,'Джоуль'),
(287,'Генри'),
(289,'Ньютон'),
(294,'Паскаль'),
(296,'Сименс'),
(300,'Физическая атмосфера (101325 Па)'),
(301,'Техническая атмосфера (98066,5 Па)'),
(309,'Бар'),
(313,'Тесла'),
(328,'Метр в секунду'),
(354,'Секунда'),
(359,'Сутки'),
(360,'Неделя'),
(361,'Декада'),
(362,'Месяц'),
(364,'Квартал'),
(365,'Полугодие'),
(366,'Год'),
(421,'Пассажирское место (пассажирских мест)'),
(616,'Бобина'),
(641,'Дюжина'),
(657,'Изделие'),
(728,'Пачка'),
(736,'Рулон'),
(778,'Упаковка'),
(796,'Штука'),
(812,'Ящик'),
(9245,'Запись'),
(9246,'Документ');

INSERT INTO ManufacturingCost VALUES
(1,'Затраты на производство и реализацию продукции'),
(2,'Затраты на обновление производства');

INSERT INTO DebtAct VALUES
(681,681,166,874,7),
(1281,1281,166,56,12),
(1670,1670,166,12,7),
(2070,2070,166,234,12),
(3511,3511,796,1200,7),
(3911,3911,796,2900,12),
(6931,6931,166,15,7),
(35950,35950,796,1000,12),
(67811,67811,166,32,7),
(101761,101761,166,21,12);

INSERT INTO RequiementAct VALUES 
(380,380,166,45,40,33),
(480,480,166,21,21,33),
(681,681,166,123,120,33),
(1281,1281,166,324,320,33),
(12708,12708,166,12,11,33),
(14706,14706,166,45,45,33),
(16706,16706,166,430,420,33),
(64032,64032,166,32,32,33),
(67811,67811,166,1342,1340,33),
(87811,87811,166,245,245,33),
(107811,107811,166,56,55,33);

INSERT INTO Timecards VALUES
(580,580,'11.11.2020',11,'Склад №2',12,10),
(680,680,'11.11.2020',23,'Склад №2',13,12),
(880,880,'11.11.2020',4323,'Склад №2',23,20),
(7015,7015,'11.11.2020',432,'Склад №2',33,32),
(47811,47811,'11.11.2020',765,'Склад №2',12,12),
(57397,57397,'11.11.2020',456,'Склад №2',14,10),
(57811,57811,'11.11.2020',8765,'Склад №2',15,14),
(67397,67397,'11.11.2020',4567,'Склад №2',17,7),
(377811,377811,'11.11.2020',77876,'Склад №2',8,8),
(487811,487811,'11.11.2020',8890,'Склад №2',11,11);

INSERT INTO Waybill VALUES
(36,36,166,123,120,45,12,'11.11.2020'),
(322,322,166,145,144,45,13,'11.11.2020'),
(380,380,166,24,22,45,14,'11.11.2020'),
(480,480,166,245,245,45,15,'11.11.2020'),
(580,580,166,43,40,45,16,'11.11.2020'),
(680,680,166,345,345,45,876,'11.11.2020'),
(681,681,166,32,32,45,985,'11.11.2020'),
(880,880,166,23,20,45,547,'11.11.2020'),
(1281,1281,166,35,35,45,98,'11.11.2020'),
(1670,1670,166,320,300,45,54,'11.11.2020');

INSERT INTO UseInProduction VALUES
(29950,29950,166,1,150,140,33),
(35950,35950,796,25,2000,2000,33),
(47811,47811,166,1,150,150,33),
(57397,57397,166,1,140,140,33),
(57811,57811,166,0,200,200,33),
(64032,64032,166,0,250,250,33),
(67397,67397,166,0,260,260,33),
(67811,67811,166,2,225,225,33),
(87811,87811,166,3,60,60,33),
(101761,101761,166,0,500,500,33),
(107811,107811,166,0,50,50,33),
(377811,377811,166,0,45,45,33),
(487811,487811,166,0,45,45,33);

INSERT INTO UseOfMatrials VALUES
(57397,57397,166,120,1,40),
(57811,57811,166,20,1,40),
(64032,64032,166,56,1,40),
(67397,67397,166,54,1,40),
(67811,67811,166,56,1,40),
(87811,87811,166,77,1,40),
(101761,101761,166,89,1,40),
(107811,107811,166,10,1,40),
(377811,377811,166,20,1,40),
(487811,487811,166,25,1,40);

INSERT INTO RequirementInvoice VALUES
(1281,1281,166,230,220,33,322,'11.11.2020'),
(1670,1670,166,400,400,33,345,'11.11.2020'),
(2070,2070,166,350,350,33,326,'11.11.2020'),
(3511,3511,796,2000,1900,33,8765,'11.11.2020'),
(3911,3911,796,2000,1900,33,246,'11.11.2020'),
(6931,6931,166,100,100,33,643,'11.11.2020'),
(7015,7015,166,50,50,33,467,'11.11.2020'),
(12708,12708,166,35,35,33,2436,'11.11.2020'),
(14706,14706,166,54,50,33,3578,'11.11.2020'),
(16706,16706,166,44,44,33,432,'11.11.2020');